,count,mean,std,min,25%,50%,75%,max
X,878049.0,-122.4226164550066,0.030353622998491543,-122.51364206429,-122.432951589917,-122.41641961495,-122.406958660602,-120.5
Y,878049.0,37.77102029800673,0.45689310470580435,37.7078790224135,37.7524273767291,37.775420706711,37.7843685319756,90.0
