,count,mean,std,min,25%,50%,75%,max
Id,884262.0,442130.5,255264.59620580723,0.0,221065.25,442130.5,663195.75,884261.0
X,884262.0,-122.42269319165285,0.030984977695301355,-122.51364206429,-122.43306868979099,-122.416517427405,-122.406958660602,-120.5
Y,884262.0,37.771475744573515,0.484823552253021,37.7078790224135,37.7523735149599,37.775420706711,37.7843533426568,90.0
